origin_id,origin_zone,dest_id,dest_school,count,school_lat,School_long,zone_lat,zone_long
1,Babesa,101,Babesa HSS,249,27.426344,89.657088,27.42918166770,89.64720960230
3,Bjemina,101,Babesa HSS,1,27.426344,89.657088,27.40296800000,89.57070400000
4,Changangkha,101,Babesa HSS,1,27.426344,89.657088,27.47245399040,89.63084646850
5,Changgidaphu,101,Babesa HSS,2,27.426344,89.657088,27.45993538960,89.63337611550
6,Changjalu,101,Babesa HSS,7,27.426344,89.657088,27.44697074620,89.65875248350
7,Changzamtog,101,Babesa HSS,5,27.426344,89.657088,27.46114897030,89.64185371500
8,Chanjiji,101,Babesa HSS,2,27.426344,89.657088,27.45550435780,89.65292201730
9,Core,101,Babesa HSS,1,27.426344,89.657088,27.47331364770,89.63825335810
10,Debsi,101,Babesa HSS,16,27.426344,89.657088,27.43156669690,89.64037529940
11,Dechencholing,101,Babesa HSS,1,27.426344,89.657088,27.53260528070,89.64253837270
13,Gangchey,101,Babesa HSS,15,27.426344,89.657088,27.41778503180,89.64188265870
17,Jungshina,101,Babesa HSS,1,27.426344,89.657088,27.51070916330,89.63412912960
22,Langjophakha,101,Babesa HSS,1,27.426344,89.657088,27.49589747970,89.64132150520
23,Lubding,101,Babesa HSS,1,27.426344,89.657088,27.44974662830,89.66945403330
24,Motithang,101,Babesa HSS,2,27.426344,89.657088,27.47665064250,89.61971670550
25,Namseyling,101,Babesa HSS,2,27.426344,89.657088,27.404257,89.6064
26,Olakha,101,Babesa HSS,15,27.426344,89.657088,27.44697074620,89.65875248350
28,Ramtokto,101,Babesa HSS,8,27.426344,89.657088,27.416321,89.622819
29,RTC,101,Babesa HSS,14,27.426344,89.657088,27.40349847780,89.65665704520
30,Samtenling,101,Babesa HSS,1,27.426344,89.657088,27.50077888000,89.63369325650
31,Serbithang,101,Babesa HSS,33,27.426344,89.657088,27.42029515230,89.65591160680
32,Simtokha,101,Babesa HSS,10,27.426344,89.657088,27.43440839780,89.66787390510
34,Tshalubar,101,Babesa HSS,2,27.426344,89.657088,27.43770376770,89.65558664010
35,Tshalumarphey,101,Babesa HSS,5,27.426344,89.657088,27.43770376770,89.65558664010
1,Babesa,102,Babesa PS,375,27.429027,89.650867,27.42918166770,89.64720960230
3,Bjemina,102,Babesa PS,1,27.429027,89.650867,27.40296800000,89.57070400000
6,Changjalu,102,Babesa PS,4,27.429027,89.650867,27.44697074620,89.65875248350
7,Changzamtog,102,Babesa PS,4,27.429027,89.650867,27.46114897030,89.64185371500
8,Chanjiji,102,Babesa PS,4,27.429027,89.650867,27.45550435780,89.65292201730
9,Core,102,Babesa PS,1,27.429027,89.650867,27.47331364770,89.63825335810
10,Debsi,102,Babesa PS,31,27.429027,89.650867,27.43156669690,89.64037529940
12,Dzong,102,Babesa PS,1,27.429027,89.650867,27.48830025920,89.63554472700
13,Gangchey,102,Babesa PS,23,27.429027,89.650867,27.41778503180,89.64188265870
18,Kabisa,102,Babesa PS,1,27.429027,89.650867,27.54906988110,89.65429961040
20,Khasadrapchu,102,Babesa PS,1,27.429027,89.650867,27.386985,89.584902
22,Langjophakha,102,Babesa PS,1,27.429027,89.650867,27.49589747970,89.64132150520
24,Motithang,102,Babesa PS,1,27.429027,89.650867,27.47665064250,89.61971670550
26,Olakha,102,Babesa PS,16,27.429027,89.650867,27.44697074620,89.65875248350
27,Pamtsho,102,Babesa PS,2,27.429027,89.650867,27.51070916330,89.63412912960
28,Ramtokto,102,Babesa PS,4,27.429027,89.650867,27.416321,89.622819
29,RTC,102,Babesa PS,20,27.429027,89.650867,27.40349847780,89.65665704520
30,Samtenling,102,Babesa PS,1,27.429027,89.650867,27.50077888000,89.63369325650
31,Serbithang,102,Babesa PS,29,27.429027,89.650867,27.42029515230,89.65591160680
32,Simtokha,102,Babesa PS,26,27.429027,89.650867,27.43440839780,89.66787390510
33,Taba,102,Babesa PS,3,27.429027,89.650867,27.51290625190,89.64517770640
34,Tshalubar,102,Babesa PS,2,27.429027,89.650867,27.43770376770,89.65558664010
35,Tshalumarphey,102,Babesa PS,18,27.429027,89.650867,27.43770376770,89.65558664010
38,Zilukha,102,Babesa PS,2,27.429027,89.650867,27.48557209120,89.63029523980
1,Babesa,103,Chang Rigphel PS,100,27.447167,89.662296,27.42918166770,89.64720960230
4,Changbangdu,103,Chang Rigphel PS,10,27.447167,89.662296,27.45139172240,89.64724428340
5,Changgidaphu,103,Chang Rigphel PS,1,27.447167,89.662296,27.45993538960,89.63337611550
6,Changjalu,103,Chang Rigphel PS,145,27.447167,89.662296,27.44697074620,89.65875248350
7,Changzamtog,103,Chang Rigphel PS,6,27.447167,89.662296,27.46114897030,89.64185371500
8,Chanjiji,103,Chang Rigphel PS,11,27.447167,89.662296,27.45550435780,89.65292201730
9,Core,103,Chang Rigphel PS,1,27.447167,89.662296,27.47331364770,89.63825335810
10,Debsi,103,Chang Rigphel PS,9,27.447167,89.662296,27.43156669690,89.64037529940
13,Gangchey,103,Chang Rigphel PS,7,27.447167,89.662296,27.41778503180,89.64188265870
17,Jungshina,103,Chang Rigphel PS,1,27.447167,89.662296,27.51070916330,89.63412912960
20,Khasadrapchu,103,Chang Rigphel PS,1,27.447167,89.662296,27.386985,89.584902
22,Langjophakha,103,Chang Rigphel PS,2,27.447167,89.662296,27.49589747970,89.64132150520
23,Lubding,103,Chang Rigphel PS,14,27.447167,89.662296,27.44974662830,89.66945403330
24,Motithang,103,Chang Rigphel PS,1,27.447167,89.662296,27.47665064250,89.61971670550
25,Namseyling,103,Chang Rigphel PS,3,27.447167,89.662296,27.404257,89.6064
26,Olakha,103,Chang Rigphel PS,394,27.447167,89.662296,27.44697074620,89.65875248350
27,Pamtsho,103,Chang Rigphel PS,2,27.447167,89.662296,27.51070916330,89.63412912960
31,Serbithang,103,Chang Rigphel PS,1,27.447167,89.662296,27.42029515230,89.65591160680
32,Simtokha,103,Chang Rigphel PS,43,27.447167,89.662296,27.43440839780,89.66787390510
33,Taba,103,Chang Rigphel PS,1,27.447167,89.662296,27.51290625190,89.64517770640
34,Tshalubar,103,Chang Rigphel PS,9,27.447167,89.662296,27.43770376770,89.65558664010
35,Tshalumarphey,103,Chang Rigphel PS,26,27.447167,89.662296,27.43770376770,89.65558664010
36,Yangchenphug,103,Chang Rigphel PS,1,27.447167,89.662296,27.46739700000,89.64673737680
37,Yoselpang,103,Chang Rigphel PS,1,27.447167,89.662296,27.462597,89.705355
1,Babesa,104,Changangkha MSS,32,27.475287,89.631975,27.42918166770,89.64720960230
2,Begana,104,Changangkha MSS,4,27.475287,89.631975,27.57189085960,89.63570021250
3,Bjemina,104,Changangkha MSS,2,27.475287,89.631975,27.40296800000,89.57070400000
4,Changangkha,104,Changangkha MSS,230,27.475287,89.631975,27.47245399040,89.63084646850
4,Changbangdu,104,Changangkha MSS,8,27.475287,89.631975,27.45139172240,89.64724428340
5,Changgidaphu,104,Changangkha MSS,33,27.475287,89.631975,27.45993538960,89.63337611550
6,Changjalu,104,Changangkha MSS,16,27.475287,89.631975,27.44697074620,89.65875248350
7,Changzamtog,104,Changangkha MSS,48,27.475287,89.631975,27.46114897030,89.64185371500
8,Chanjiji,104,Changangkha MSS,28,27.475287,89.631975,27.45550435780,89.65292201730
9,Core,104,Changangkha MSS,54,27.475287,89.631975,27.47331364770,89.63825335810
10,Debsi,104,Changangkha MSS,5,27.475287,89.631975,27.43156669690,89.64037529940
11,Dechencholing,104,Changangkha MSS,17,27.475287,89.631975,27.53260528070,89.64253837270
13,Gangchey,104,Changangkha MSS,2,27.475287,89.631975,27.41778503180,89.64188265870
14,Gidakom,104,Changangkha MSS,2,27.475287,89.631975,27.404767,89.569741
15,Hejo,104,Changangkha MSS,10,27.475287,89.631975,27.50077888000,89.63369325650
17,Jungshina,104,Changangkha MSS,25,27.475287,89.631975,27.51070916330,89.63412912960
18,Kabisa,104,Changangkha MSS,4,27.475287,89.631975,27.54906988110,89.65429961040
19,Kawangjangsa,104,Changangkha MSS,20,27.475287,89.631975,27.48557209120,89.63029523980
20,Khasadrapchu,104,Changangkha MSS,1,27.475287,89.631975,27.386985,89.584902
22,Langjophakha,104,Changangkha MSS,21,27.475287,89.631975,27.49589747970,89.64132150520
23,Lubding,104,Changangkha MSS,1,27.475287,89.631975,27.44974662830,89.66945403330
24,Motithang,104,Changangkha MSS,94,27.475287,89.631975,27.47665064250,89.61971670550
26,Olakha,104,Changangkha MSS,25,27.475287,89.631975,27.44697074620,89.65875248350
27,Pamtsho,104,Changangkha MSS,3,27.475287,89.631975,27.51070916330,89.63412912960
29,RTC,104,Changangkha MSS,12,27.475287,89.631975,27.40349847780,89.65665704520
30,Samtenling,104,Changangkha MSS,15,27.475287,89.631975,27.50077888000,89.63369325650
31,Serbithang,104,Changangkha MSS,2,27.475287,89.631975,27.42029515230,89.65591160680
32,Simtokha,104,Changangkha MSS,7,27.475287,89.631975,27.43440839780,89.66787390510
33,Taba,104,Changangkha MSS,36,27.475287,89.631975,27.51290625190,89.64517770640
34,Tshalubar,104,Changangkha MSS,1,27.475287,89.631975,27.43770376770,89.65558664010
35,Tshalumarphey,104,Changangkha MSS,3,27.475287,89.631975,27.43770376770,89.65558664010
36,Yangchenphug,104,Changangkha MSS,7,27.475287,89.631975,27.46739700000,89.64673737680
37,Yoselpang,104,Changangkha MSS,1,27.475287,89.631975,27.462597,89.705355
38,Zilukha,104,Changangkha MSS,4,27.475287,89.631975,27.48557209120,89.63029523980
1,Babesa,105,Changzamtog MSS,59,27.460561,89.64135,27.42918166770,89.64720960230
2,Begana,105,Changzamtog MSS,4,27.460561,89.64135,27.57189085960,89.63570021250
4,Changangkha,105,Changzamtog MSS,32,27.460561,89.64135,27.47245399040,89.63084646850
4,Changbangdu,105,Changzamtog MSS,80,27.460561,89.64135,27.45139172240,89.64724428340
5,Changgidaphu,105,Changzamtog MSS,158,27.460561,89.64135,27.45993538960,89.63337611550
6,Changjalu,105,Changzamtog MSS,12,27.460561,89.64135,27.44697074620,89.65875248350
7,Changzamtog,105,Changzamtog MSS,789,27.460561,89.64135,27.46114897030,89.64185371500
8,Chanjiji,105,Changzamtog MSS,57,27.460561,89.64135,27.45550435780,89.65292201730
9,Core,105,Changzamtog MSS,15,27.460561,89.64135,27.47331364770,89.63825335810
10,Debsi,105,Changzamtog MSS,6,27.460561,89.64135,27.43156669690,89.64037529940
11,Dechencholing,105,Changzamtog MSS,4,27.460561,89.64135,27.53260528070,89.64253837270
12,Dzong,105,Changzamtog MSS,1,27.460561,89.64135,27.48830025920,89.63554472700
15,Hejo,105,Changzamtog MSS,3,27.460561,89.64135,27.50077888000,89.63369325650
16,Hongtsho,105,Changzamtog MSS,1,27.460561,89.64135,27.485941,89.724004
17,Jungshina,105,Changzamtog MSS,5,27.460561,89.64135,27.51070916330,89.63412912960
18,Kabisa,105,Changzamtog MSS,3,27.460561,89.64135,27.54906988110,89.65429961040
19,Kawangjangsa,105,Changzamtog MSS,4,27.460561,89.64135,27.48557209120,89.63029523980
20,Khasadrapchu,105,Changzamtog MSS,2,27.460561,89.64135,27.386985,89.584902
21,Kungacholing,105,Changzamtog MSS,1,27.460561,89.64135,27.47665064250,89.61971670550
22,Langjophakha,105,Changzamtog MSS,4,27.460561,89.64135,27.49589747970,89.64132150520
24,Motithang,105,Changzamtog MSS,10,27.460561,89.64135,27.47665064250,89.61971670550
25,Namseyling,105,Changzamtog MSS,2,27.460561,89.64135,27.404257,89.6064
26,Olakha,105,Changzamtog MSS,57,27.460561,89.64135,27.44697074620,89.65875248350
27,Pamtsho,105,Changzamtog MSS,2,27.460561,89.64135,27.51070916330,89.63412912960
28,Ramtokto,105,Changzamtog MSS,1,27.460561,89.64135,27.416321,89.622819
29,RTC,105,Changzamtog MSS,5,27.460561,89.64135,27.40349847780,89.65665704520
30,Samtenling,105,Changzamtog MSS,7,27.460561,89.64135,27.50077888000,89.63369325650
31,Serbithang,105,Changzamtog MSS,2,27.460561,89.64135,27.42029515230,89.65591160680
32,Simtokha,105,Changzamtog MSS,11,27.460561,89.64135,27.43440839780,89.66787390510
33,Taba,105,Changzamtog MSS,11,27.460561,89.64135,27.51290625190,89.64517770640
34,Tshalubar,105,Changzamtog MSS,1,27.460561,89.64135,27.43770376770,89.65558664010
35,Tshalumarphey,105,Changzamtog MSS,3,27.460561,89.64135,27.43770376770,89.65558664010
36,Yangchenphug,105,Changzamtog MSS,8,27.460561,89.64135,27.46739700000,89.64673737680
37,Yoselpang,105,Changzamtog MSS,8,27.460561,89.64135,27.462597,89.705355
38,Zilukha,105,Changzamtog MSS,3,27.460561,89.64135,27.48557209120,89.63029523980
1,Babesa,106,Dechencholing HSS,5,27.526811,89.644576,27.42918166770,89.64720960230
2,Begana,106,Dechencholing HSS,7,27.526811,89.644576,27.57189085960,89.63570021250
4,Changangkha,106,Dechencholing HSS,1,27.526811,89.644576,27.47245399040,89.63084646850
8,Chanjiji,106,Dechencholing HSS,2,27.526811,89.644576,27.45550435780,89.65292201730
11,Dechencholing,106,Dechencholing HSS,1085,27.526811,89.644576,27.53260528070,89.64253837270
12,Dzong,106,Dechencholing HSS,1,27.526811,89.644576,27.48830025920,89.63554472700
14,Gidakom,106,Dechencholing HSS,1,27.526811,89.644576,27.404767,89.569741
15,Hejo,106,Dechencholing HSS,3,27.526811,89.644576,27.50077888000,89.63369325650
17,Jungshina,106,Dechencholing HSS,6,27.526811,89.644576,27.51070916330,89.63412912960
18,Kabisa,106,Dechencholing HSS,84,27.526811,89.644576,27.54906988110,89.65429961040
22,Langjophakha,106,Dechencholing HSS,3,27.526811,89.644576,27.49589747970,89.64132150520
24,Motithang,106,Dechencholing HSS,1,27.526811,89.644576,27.47665064250,89.61971670550
26,Olakha,106,Dechencholing HSS,1,27.526811,89.644576,27.44697074620,89.65875248350
27,Pamtsho,106,Dechencholing HSS,17,27.526811,89.644576,27.51070916330,89.63412912960
32,Simtokha,106,Dechencholing HSS,2,27.526811,89.644576,27.43440839780,89.66787390510
33,Taba,106,Dechencholing HSS,103,27.526811,89.644576,27.51290625190,89.64517770640
38,Zilukha,106,Dechencholing HSS,2,27.526811,89.644576,27.48557209120,89.63029523980
1,Babesa,107,Deki PS,9,27.459145,89.645896,27.42918166770,89.64720960230
4,Changbangdu,107,Deki PS,12,27.459145,89.645896,27.45139172240,89.64724428340
5,Changgidaphu,107,Deki PS,2,27.459145,89.645896,27.45993538960,89.63337611550
6,Changjalu,107,Deki PS,3,27.459145,89.645896,27.44697074620,89.65875248350
7,Changzamtog,107,Deki PS,18,27.459145,89.645896,27.46114897030,89.64185371500
9,Core,107,Deki PS,1,27.459145,89.645896,27.47331364770,89.63825335810
10,Debsi,107,Deki PS,1,27.459145,89.645896,27.43156669690,89.64037529940
24,Motithang,107,Deki PS,1,27.459145,89.645896,27.47665064250,89.61971670550
26,Olakha,107,Deki PS,6,27.459145,89.645896,27.44697074620,89.65875248350
28,Ramtokto,107,Deki PS,1,27.459145,89.645896,27.416321,89.622819
32,Simtokha,107,Deki PS,2,27.459145,89.645896,27.43440839780,89.66787390510
33,Taba,107,Deki PS,1,27.459145,89.645896,27.51290625190,89.64517770640
38,Zilukha,107,Deki PS,2,27.459145,89.645896,27.48557209120,89.63029523980
1,Babesa,108,Dr. Tobgyel MSS,209,27.431219,89.648438,27.42918166770,89.64720960230
4,Changangkha,108,Dr. Tobgyel MSS,7,27.431219,89.648438,27.47245399040,89.63084646850
4,Changbangdu,108,Dr. Tobgyel MSS,3,27.431219,89.648438,27.45139172240,89.64724428340
6,Changjalu,108,Dr. Tobgyel MSS,15,27.431219,89.648438,27.44697074620,89.65875248350
7,Changzamtog,108,Dr. Tobgyel MSS,4,27.431219,89.648438,27.46114897030,89.64185371500
8,Chanjiji,108,Dr. Tobgyel MSS,8,27.431219,89.648438,27.45550435780,89.65292201730
9,Core,108,Dr. Tobgyel MSS,3,27.431219,89.648438,27.47331364770,89.63825335810
10,Debsi,108,Dr. Tobgyel MSS,34,27.431219,89.648438,27.43156669690,89.64037529940
13,Gangchey,108,Dr. Tobgyel MSS,6,27.431219,89.648438,27.41778503180,89.64188265870
20,Khasadrapchu,108,Dr. Tobgyel MSS,9,27.431219,89.648438,27.386985,89.584902
22,Langjophakha,108,Dr. Tobgyel MSS,1,27.431219,89.648438,27.49589747970,89.64132150520
23,Lubding,108,Dr. Tobgyel MSS,3,27.431219,89.648438,27.44974662830,89.66945403330
24,Motithang,108,Dr. Tobgyel MSS,10,27.431219,89.648438,27.47665064250,89.61971670550
25,Namseyling,108,Dr. Tobgyel MSS,8,27.431219,89.648438,27.404257,89.6064
26,Olakha,108,Dr. Tobgyel MSS,29,27.431219,89.648438,27.44697074620,89.65875248350
27,Pamtsho,108,Dr. Tobgyel MSS,1,27.431219,89.648438,27.51070916330,89.63412912960
28,Ramtokto,108,Dr. Tobgyel MSS,6,27.431219,89.648438,27.416321,89.622819
29,RTC,108,Dr. Tobgyel MSS,12,27.431219,89.648438,27.40349847780,89.65665704520
30,Samtenling,108,Dr. Tobgyel MSS,2,27.431219,89.648438,27.50077888000,89.63369325650
31,Serbithang,108,Dr. Tobgyel MSS,11,27.431219,89.648438,27.42029515230,89.65591160680
32,Simtokha,108,Dr. Tobgyel MSS,21,27.431219,89.648438,27.43440839780,89.66787390510
33,Taba,108,Dr. Tobgyel MSS,1,27.431219,89.648438,27.51290625190,89.64517770640
34,Tshalubar,108,Dr. Tobgyel MSS,7,27.431219,89.648438,27.43770376770,89.65558664010
35,Tshalumarphey,108,Dr. Tobgyel MSS,13,27.431219,89.648438,27.43770376770,89.65558664010
1,Babesa,109,Druk HSS,8,27.460459,89.637772,27.42918166770,89.64720960230
4,Changangkha,109,Druk HSS,14,27.460459,89.637772,27.47245399040,89.63084646850
4,Changbangdu,109,Druk HSS,5,27.460459,89.637772,27.45139172240,89.64724428340
5,Changgidaphu,109,Druk HSS,16,27.460459,89.637772,27.45993538960,89.63337611550
6,Changjalu,109,Druk HSS,7,27.460459,89.637772,27.44697074620,89.65875248350
7,Changzamtog,109,Druk HSS,20,27.460459,89.637772,27.46114897030,89.64185371500
8,Chanjiji,109,Druk HSS,3,27.460459,89.637772,27.45550435780,89.65292201730
9,Core,109,Druk HSS,10,27.460459,89.637772,27.47331364770,89.63825335810
10,Debsi,109,Druk HSS,5,27.460459,89.637772,27.43156669690,89.64037529940
11,Dechencholing,109,Druk HSS,3,27.460459,89.637772,27.53260528070,89.64253837270
13,Gangchey,109,Druk HSS,2,27.460459,89.637772,27.41778503180,89.64188265870
15,Hejo,109,Druk HSS,1,27.460459,89.637772,27.50077888000,89.63369325650
17,Jungshina,109,Druk HSS,2,27.460459,89.637772,27.51070916330,89.63412912960
19,Kawangjangsa,109,Druk HSS,3,27.460459,89.637772,27.48557209120,89.63029523980
21,Kungacholing,109,Druk HSS,1,27.460459,89.637772,27.47665064250,89.61971670550
22,Langjophakha,109,Druk HSS,1,27.460459,89.637772,27.49589747970,89.64132150520
24,Motithang,109,Druk HSS,14,27.460459,89.637772,27.47665064250,89.61971670550
25,Namseyling,109,Druk HSS,1,27.460459,89.637772,27.404257,89.6064
26,Olakha,109,Druk HSS,3,27.460459,89.637772,27.44697074620,89.65875248350
27,Pamtsho,109,Druk HSS,2,27.460459,89.637772,27.51070916330,89.63412912960
29,RTC,109,Druk HSS,3,27.460459,89.637772,27.40349847780,89.65665704520
30,Samtenling,109,Druk HSS,4,27.460459,89.637772,27.50077888000,89.63369325650
31,Serbithang,109,Druk HSS,2,27.460459,89.637772,27.42029515230,89.65591160680
32,Simtokha,109,Druk HSS,2,27.460459,89.637772,27.43440839780,89.66787390510
33,Taba,109,Druk HSS,6,27.460459,89.637772,27.51290625190,89.64517770640
35,Tshalumarphey,109,Druk HSS,5,27.460459,89.637772,27.43770376770,89.65558664010
36,Yangchenphug,109,Druk HSS,1,27.460459,89.637772,27.46739700000,89.64673737680
38,Zilukha,109,Druk HSS,1,27.460459,89.637772,27.48557209120,89.63029523980
1,Babesa,110,Early Learning Centre PS,2,27.478166,89.626891,27.42918166770,89.64720960230
4,Changangkha,110,Early Learning Centre PS,10,27.478166,89.626891,27.47245399040,89.63084646850
4,Changbangdu,110,Early Learning Centre PS,4,27.478166,89.626891,27.45139172240,89.64724428340
6,Changjalu,110,Early Learning Centre PS,1,27.478166,89.626891,27.44697074620,89.65875248350
7,Changzamtog,110,Early Learning Centre PS,2,27.478166,89.626891,27.46114897030,89.64185371500
9,Core,110,Early Learning Centre PS,1,27.478166,89.626891,27.47331364770,89.63825335810
10,Debsi,110,Early Learning Centre PS,1,27.478166,89.626891,27.43156669690,89.64037529940
11,Dechencholing,110,Early Learning Centre PS,2,27.478166,89.626891,27.53260528070,89.64253837270
15,Hejo,110,Early Learning Centre PS,4,27.478166,89.626891,27.50077888000,89.63369325650
17,Jungshina,110,Early Learning Centre PS,1,27.478166,89.626891,27.51070916330,89.63412912960
18,Kabisa,110,Early Learning Centre PS,1,27.478166,89.626891,27.54906988110,89.65429961040
19,Kawangjangsa,110,Early Learning Centre PS,1,27.478166,89.626891,27.48557209120,89.63029523980
21,Kungacholing,110,Early Learning Centre PS,1,27.478166,89.626891,27.47665064250,89.61971670550
22,Langjophakha,110,Early Learning Centre PS,1,27.478166,89.626891,27.49589747970,89.64132150520
24,Motithang,110,Early Learning Centre PS,14,27.478166,89.626891,27.47665064250,89.61971670550
25,Namseyling,110,Early Learning Centre PS,1,27.478166,89.626891,27.404257,89.6064
27,Pamtsho,110,Early Learning Centre PS,2,27.478166,89.626891,27.51070916330,89.63412912960
32,Simtokha,110,Early Learning Centre PS,2,27.478166,89.626891,27.43440839780,89.66787390510
33,Taba,110,Early Learning Centre PS,6,27.478166,89.626891,27.51290625190,89.64517770640
36,Yangchenphug,110,Early Learning Centre PS,3,27.478166,89.626891,27.46739700000,89.64673737680
38,Zilukha,110,Early Learning Centre PS,3,27.478166,89.626891,27.48557209120,89.63029523980
1,Babesa,111,Educating for Lifelong Citizenship High School,4,27.464768,89.651733,27.42918166770,89.64720960230
4,Changangkha,111,Educating for Lifelong Citizenship High School,3,27.464768,89.651733,27.47245399040,89.63084646850
5,Changgidaphu,111,Educating for Lifelong Citizenship High School,3,27.464768,89.651733,27.45993538960,89.63337611550
6,Changjalu,111,Educating for Lifelong Citizenship High School,2,27.464768,89.651733,27.44697074620,89.65875248350
7,Changzamtog,111,Educating for Lifelong Citizenship High School,3,27.464768,89.651733,27.46114897030,89.64185371500
9,Core,111,Educating for Lifelong Citizenship High School,3,27.464768,89.651733,27.47331364770,89.63825335810
19,Kawangjangsa,111,Educating for Lifelong Citizenship High School,2,27.464768,89.651733,27.48557209120,89.63029523980
20,Khasadrapchu,111,Educating for Lifelong Citizenship High School,1,27.464768,89.651733,27.386985,89.584902
22,Langjophakha,111,Educating for Lifelong Citizenship High School,1,27.464768,89.651733,27.49589747970,89.64132150520
24,Motithang,111,Educating for Lifelong Citizenship High School,10,27.464768,89.651733,27.47665064250,89.61971670550
26,Olakha,111,Educating for Lifelong Citizenship High School,1,27.464768,89.651733,27.44697074620,89.65875248350
27,Pamtsho,111,Educating for Lifelong Citizenship High School,1,27.464768,89.651733,27.51070916330,89.63412912960
33,Taba,111,Educating for Lifelong Citizenship High School,3,27.464768,89.651733,27.51290625190,89.64517770640
35,Tshalumarphey,111,Educating for Lifelong Citizenship High School,1,27.464768,89.651733,27.43770376770,89.65558664010
36,Yangchenphug,111,Educating for Lifelong Citizenship High School,1,27.464768,89.651733,27.46739700000,89.64673737680
38,Zilukha,111,Educating for Lifelong Citizenship High School,1,27.464768,89.651733,27.48557209120,89.63029523980
1,Babesa,112,Etho Metho PS,5,27.467893,89.636448,27.42918166770,89.64720960230
4,Changangkha,112,Etho Metho PS,22,27.467893,89.636448,27.47245399040,89.63084646850
4,Changbangdu,112,Etho Metho PS,4,27.467893,89.636448,27.45139172240,89.64724428340
5,Changgidaphu,112,Etho Metho PS,6,27.467893,89.636448,27.45993538960,89.63337611550
6,Changjalu,112,Etho Metho PS,13,27.467893,89.636448,27.44697074620,89.65875248350
7,Changzamtog,112,Etho Metho PS,19,27.467893,89.636448,27.46114897030,89.64185371500
8,Chanjiji,112,Etho Metho PS,9,27.467893,89.636448,27.45550435780,89.65292201730
9,Core,112,Etho Metho PS,23,27.467893,89.636448,27.47331364770,89.63825335810
11,Dechencholing,112,Etho Metho PS,3,27.467893,89.636448,27.53260528070,89.64253837270
13,Gangchey,112,Etho Metho PS,1,27.467893,89.636448,27.41778503180,89.64188265870
15,Hejo,112,Etho Metho PS,7,27.467893,89.636448,27.50077888000,89.63369325650
17,Jungshina,112,Etho Metho PS,5,27.467893,89.636448,27.51070916330,89.63412912960
18,Kabisa,112,Etho Metho PS,2,27.467893,89.636448,27.54906988110,89.65429961040
19,Kawangjangsa,112,Etho Metho PS,1,27.467893,89.636448,27.48557209120,89.63029523980
22,Langjophakha,112,Etho Metho PS,5,27.467893,89.636448,27.49589747970,89.64132150520
24,Motithang,112,Etho Metho PS,3,27.467893,89.636448,27.47665064250,89.61971670550
25,Namseyling,112,Etho Metho PS,1,27.467893,89.636448,27.404257,89.6064
26,Olakha,112,Etho Metho PS,5,27.467893,89.636448,27.44697074620,89.65875248350
27,Pamtsho,112,Etho Metho PS,1,27.467893,89.636448,27.51070916330,89.63412912960
29,RTC,112,Etho Metho PS,2,27.467893,89.636448,27.40349847780,89.65665704520
32,Simtokha,112,Etho Metho PS,4,27.467893,89.636448,27.43440839780,89.66787390510
33,Taba,112,Etho Metho PS,8,27.467893,89.636448,27.51290625190,89.64517770640
36,Yangchenphug,112,Etho Metho PS,9,27.467893,89.636448,27.46739700000,89.64673737680
38,Zilukha,112,Etho Metho PS,2,27.467893,89.636448,27.48557209120,89.63029523980
1,Babesa,113,Jigme Losel PS,43,27.477071,89.638968,27.42918166770,89.64720960230
2,Begana,113,Jigme Losel PS,23,27.477071,89.638968,27.57189085960,89.63570021250
4,Changangkha,113,Jigme Losel PS,23,27.477071,89.638968,27.47245399040,89.63084646850
4,Changbangdu,113,Jigme Losel PS,23,27.477071,89.638968,27.45139172240,89.64724428340
5,Changgidaphu,113,Jigme Losel PS,16,27.477071,89.638968,27.45993538960,89.63337611550
6,Changjalu,113,Jigme Losel PS,34,27.477071,89.638968,27.44697074620,89.65875248350
7,Changzamtog,113,Jigme Losel PS,55,27.477071,89.638968,27.46114897030,89.64185371500
8,Chanjiji,113,Jigme Losel PS,25,27.477071,89.638968,27.45550435780,89.65292201730
9,Core,113,Jigme Losel PS,206,27.477071,89.638968,27.47331364770,89.63825335810
10,Debsi,113,Jigme Losel PS,5,27.477071,89.638968,27.43156669690,89.64037529940
11,Dechencholing,113,Jigme Losel PS,18,27.477071,89.638968,27.53260528070,89.64253837270
12,Dzong,113,Jigme Losel PS,4,27.477071,89.638968,27.48830025920,89.63554472700
13,Gangchey,113,Jigme Losel PS,1,27.477071,89.638968,27.41778503180,89.64188265870
15,Hejo,113,Jigme Losel PS,21,27.477071,89.638968,27.50077888000,89.63369325650
16,Hongtsho,113,Jigme Losel PS,1,27.477071,89.638968,27.485941,89.724004
17,Jungshina,113,Jigme Losel PS,48,27.477071,89.638968,27.51070916330,89.63412912960
18,Kabisa,113,Jigme Losel PS,9,27.477071,89.638968,27.54906988110,89.65429961040
19,Kawangjangsa,113,Jigme Losel PS,13,27.477071,89.638968,27.48557209120,89.63029523980
20,Khasadrapchu,113,Jigme Losel PS,1,27.477071,89.638968,27.386985,89.584902
22,Langjophakha,113,Jigme Losel PS,79,27.477071,89.638968,27.49589747970,89.64132150520
23,Lubding,113,Jigme Losel PS,3,27.477071,89.638968,27.44974662830,89.66945403330
24,Motithang,113,Jigme Losel PS,22,27.477071,89.638968,27.47665064250,89.61971670550
26,Olakha,113,Jigme Losel PS,46,27.477071,89.638968,27.44697074620,89.65875248350
27,Pamtsho,113,Jigme Losel PS,18,27.477071,89.638968,27.51070916330,89.63412912960
28,Ramtokto,113,Jigme Losel PS,1,27.477071,89.638968,27.416321,89.622819
29,RTC,113,Jigme Losel PS,2,27.477071,89.638968,27.40349847780,89.65665704520
30,Samtenling,113,Jigme Losel PS,34,27.477071,89.638968,27.50077888000,89.63369325650
31,Serbithang,113,Jigme Losel PS,2,27.477071,89.638968,27.42029515230,89.65591160680
32,Simtokha,113,Jigme Losel PS,36,27.477071,89.638968,27.43440839780,89.66787390510
33,Taba,113,Jigme Losel PS,74,27.477071,89.638968,27.51290625190,89.64517770640
34,Tshalubar,113,Jigme Losel PS,2,27.477071,89.638968,27.43770376770,89.65558664010
35,Tshalumarphey,113,Jigme Losel PS,3,27.477071,89.638968,27.43770376770,89.65558664010
36,Yangchenphug,113,Jigme Losel PS,47,27.477071,89.638968,27.46739700000,89.64673737680
37,Yoselpang,113,Jigme Losel PS,2,27.477071,89.638968,27.462597,89.705355
38,Zilukha,113,Jigme Losel PS,17,27.477071,89.638968,27.48557209120,89.63029523980
1,Babesa,114,Jigme Namgyel LSS,14,27.476819,89.623233,27.42918166770,89.64720960230
2,Begana,114,Jigme Namgyel LSS,6,27.476819,89.623233,27.57189085960,89.63570021250
4,Changangkha,114,Jigme Namgyel LSS,105,27.476819,89.623233,27.47245399040,89.63084646850
4,Changbangdu,114,Jigme Namgyel LSS,3,27.476819,89.623233,27.45139172240,89.64724428340
5,Changgidaphu,114,Jigme Namgyel LSS,9,27.476819,89.623233,27.45993538960,89.63337611550
6,Changjalu,114,Jigme Namgyel LSS,12,27.476819,89.623233,27.44697074620,89.65875248350
7,Changzamtog,114,Jigme Namgyel LSS,10,27.476819,89.623233,27.46114897030,89.64185371500
8,Chanjiji,114,Jigme Namgyel LSS,18,27.476819,89.623233,27.45550435780,89.65292201730
9,Core,114,Jigme Namgyel LSS,13,27.476819,89.623233,27.47331364770,89.63825335810
10,Debsi,114,Jigme Namgyel LSS,5,27.476819,89.623233,27.43156669690,89.64037529940
11,Dechencholing,114,Jigme Namgyel LSS,17,27.476819,89.623233,27.53260528070,89.64253837270
12,Dzong,114,Jigme Namgyel LSS,2,27.476819,89.623233,27.48830025920,89.63554472700
15,Hejo,114,Jigme Namgyel LSS,7,27.476819,89.623233,27.50077888000,89.63369325650
17,Jungshina,114,Jigme Namgyel LSS,20,27.476819,89.623233,27.51070916330,89.63412912960
18,Kabisa,114,Jigme Namgyel LSS,9,27.476819,89.623233,27.54906988110,89.65429961040
19,Kawangjangsa,114,Jigme Namgyel LSS,29,27.476819,89.623233,27.48557209120,89.63029523980
21,Kungacholing,114,Jigme Namgyel LSS,75,27.476819,89.623233,27.47665064250,89.61971670550
22,Langjophakha,114,Jigme Namgyel LSS,9,27.476819,89.623233,27.49589747970,89.64132150520
24,Motithang,114,Jigme Namgyel LSS,568,27.476819,89.623233,27.47665064250,89.61971670550
25,Namseyling,114,Jigme Namgyel LSS,2,27.476819,89.623233,27.404257,89.6064
26,Olakha,114,Jigme Namgyel LSS,5,27.476819,89.623233,27.44697074620,89.65875248350
27,Pamtsho,114,Jigme Namgyel LSS,14,27.476819,89.623233,27.51070916330,89.63412912960
28,Ramtokto,114,Jigme Namgyel LSS,1,27.476819,89.623233,27.416321,89.622819
30,Samtenling,114,Jigme Namgyel LSS,7,27.476819,89.623233,27.50077888000,89.63369325650
32,Simtokha,114,Jigme Namgyel LSS,9,27.476819,89.623233,27.43440839780,89.66787390510
33,Taba,114,Jigme Namgyel LSS,13,27.476819,89.623233,27.51290625190,89.64517770640
36,Yangchenphug,114,Jigme Namgyel LSS,4,27.476819,89.623233,27.46739700000,89.64673737680
38,Zilukha,114,Jigme Namgyel LSS,11,27.476819,89.623233,27.48557209120,89.63029523980
2,Begana,115,Jungshina PS,2,27.505352,89.633483,27.57189085960,89.63570021250
7,Changzamtog,115,Jungshina PS,3,27.505352,89.633483,27.46114897030,89.64185371500
8,Chanjiji,115,Jungshina PS,1,27.505352,89.633483,27.45550435780,89.65292201730
11,Dechencholing,115,Jungshina PS,11,27.505352,89.633483,27.53260528070,89.64253837270
15,Hejo,115,Jungshina PS,29,27.505352,89.633483,27.50077888000,89.63369325650
17,Jungshina,115,Jungshina PS,258,27.505352,89.633483,27.51070916330,89.63412912960
18,Kabisa,115,Jungshina PS,2,27.505352,89.633483,27.54906988110,89.65429961040
19,Kawangjangsa,115,Jungshina PS,2,27.505352,89.633483,27.48557209120,89.63029523980
22,Langjophakha,115,Jungshina PS,7,27.505352,89.633483,27.49589747970,89.64132150520
24,Motithang,115,Jungshina PS,1,27.505352,89.633483,27.47665064250,89.61971670550
26,Olakha,115,Jungshina PS,2,27.505352,89.633483,27.44697074620,89.65875248350
27,Pamtsho,115,Jungshina PS,79,27.505352,89.633483,27.51070916330,89.63412912960
30,Samtenling,115,Jungshina PS,47,27.505352,89.633483,27.50077888000,89.63369325650
32,Simtokha,115,Jungshina PS,1,27.505352,89.633483,27.43440839780,89.66787390510
33,Taba,115,Jungshina PS,12,27.505352,89.633483,27.51290625190,89.64517770640
1,Babesa,116,Kelki HSS,4,27.470556,89.634868,27.42918166770,89.64720960230
3,Bjemina,116,Kelki HSS,3,27.470556,89.634868,27.40296800000,89.57070400000
4,Changangkha,116,Kelki HSS,14,27.470556,89.634868,27.47245399040,89.63084646850
4,Changbangdu,116,Kelki HSS,7,27.470556,89.634868,27.45139172240,89.64724428340
5,Changgidaphu,116,Kelki HSS,11,27.470556,89.634868,27.45993538960,89.63337611550
6,Changjalu,116,Kelki HSS,2,27.470556,89.634868,27.44697074620,89.65875248350
7,Changzamtog,116,Kelki HSS,29,27.470556,89.634868,27.46114897030,89.64185371500
8,Chanjiji,116,Kelki HSS,15,27.470556,89.634868,27.45550435780,89.65292201730
9,Core,116,Kelki HSS,12,27.470556,89.634868,27.47331364770,89.63825335810
10,Debsi,116,Kelki HSS,1,27.470556,89.634868,27.43156669690,89.64037529940
11,Dechencholing,116,Kelki HSS,7,27.470556,89.634868,27.53260528070,89.64253837270
12,Dzong,116,Kelki HSS,1,27.470556,89.634868,27.48830025920,89.63554472700
15,Hejo,116,Kelki HSS,7,27.470556,89.634868,27.50077888000,89.63369325650
17,Jungshina,116,Kelki HSS,12,27.470556,89.634868,27.51070916330,89.63412912960
18,Kabisa,116,Kelki HSS,3,27.470556,89.634868,27.54906988110,89.65429961040
20,Khasadrapchu,116,Kelki HSS,1,27.470556,89.634868,27.386985,89.584902
21,Kungacholing,116,Kelki HSS,1,27.470556,89.634868,27.47665064250,89.61971670550
22,Langjophakha,116,Kelki HSS,7,27.470556,89.634868,27.49589747970,89.64132150520
24,Motithang,116,Kelki HSS,27,27.470556,89.634868,27.47665064250,89.61971670550
25,Namseyling,116,Kelki HSS,1,27.470556,89.634868,27.404257,89.6064
26,Olakha,116,Kelki HSS,8,27.470556,89.634868,27.44697074620,89.65875248350
27,Pamtsho,116,Kelki HSS,6,27.470556,89.634868,27.51070916330,89.63412912960
30,Samtenling,116,Kelki HSS,3,27.470556,89.634868,27.50077888000,89.63369325650
32,Simtokha,116,Kelki HSS,4,27.470556,89.634868,27.43440839780,89.66787390510
33,Taba,116,Kelki HSS,3,27.470556,89.634868,27.51290625190,89.64517770640
35,Tshalumarphey,116,Kelki HSS,1,27.470556,89.634868,27.43770376770,89.65558664010
38,Zilukha,116,Kelki HSS,8,27.470556,89.634868,27.48557209120,89.63029523980
1,Babesa,117,Kuenselphodrang PS,4,27.450335,89.646965,27.42918166770,89.64720960230
4,Changangkha,117,Kuenselphodrang PS,5,27.450335,89.646965,27.47245399040,89.63084646850
4,Changbangdu,117,Kuenselphodrang PS,58,27.450335,89.646965,27.45139172240,89.64724428340
5,Changgidaphu,117,Kuenselphodrang PS,11,27.450335,89.646965,27.45993538960,89.63337611550
6,Changjalu,117,Kuenselphodrang PS,8,27.450335,89.646965,27.44697074620,89.65875248350
7,Changzamtog,117,Kuenselphodrang PS,19,27.450335,89.646965,27.46114897030,89.64185371500
8,Chanjiji,117,Kuenselphodrang PS,3,27.450335,89.646965,27.45550435780,89.65292201730
9,Core,117,Kuenselphodrang PS,1,27.450335,89.646965,27.47331364770,89.63825335810
10,Debsi,117,Kuenselphodrang PS,2,27.450335,89.646965,27.43156669690,89.64037529940
17,Jungshina,117,Kuenselphodrang PS,1,27.450335,89.646965,27.51070916330,89.63412912960
26,Olakha,117,Kuenselphodrang PS,5,27.450335,89.646965,27.44697074620,89.65875248350
33,Taba,117,Kuenselphodrang PS,1,27.450335,89.646965,27.51290625190,89.64517770640
4,Changangkha,118,Little Dragon PS,1,27.482005,89.629945,27.47245399040,89.63084646850
4,Changbangdu,118,Little Dragon PS,2,27.482005,89.629945,27.45139172240,89.64724428340
6,Changjalu,118,Little Dragon PS,1,27.482005,89.629945,27.44697074620,89.65875248350
7,Changzamtog,118,Little Dragon PS,1,27.482005,89.629945,27.46114897030,89.64185371500
8,Chanjiji,118,Little Dragon PS,1,27.482005,89.629945,27.45550435780,89.65292201730
9,Core,118,Little Dragon PS,4,27.482005,89.629945,27.47331364770,89.63825335810
11,Dechencholing,118,Little Dragon PS,3,27.482005,89.629945,27.53260528070,89.64253837270
15,Hejo,118,Little Dragon PS,2,27.482005,89.629945,27.50077888000,89.63369325650
19,Kawangjangsa,118,Little Dragon PS,1,27.482005,89.629945,27.48557209120,89.63029523980
22,Langjophakha,118,Little Dragon PS,1,27.482005,89.629945,27.49589747970,89.64132150520
24,Motithang,118,Little Dragon PS,3,27.482005,89.629945,27.47665064250,89.61971670550
25,Namseyling,118,Little Dragon PS,4,27.482005,89.629945,27.404257,89.6064
27,Pamtsho,118,Little Dragon PS,1,27.482005,89.629945,27.51070916330,89.63412912960
30,Samtenling,118,Little Dragon PS,1,27.482005,89.629945,27.50077888000,89.63369325650
32,Simtokha,118,Little Dragon PS,2,27.482005,89.629945,27.43440839780,89.66787390510
33,Taba,118,Little Dragon PS,5,27.482005,89.629945,27.51290625190,89.64517770640
36,Yangchenphug,118,Little Dragon PS,1,27.482005,89.629945,27.46739700000,89.64673737680
1,Babesa,119,Loselling MSS,70,27.457312,89.650652,27.42918166770,89.64720960230
4,Changangkha,119,Loselling MSS,7,27.457312,89.650652,27.47245399040,89.63084646850
4,Changbangdu,119,Loselling MSS,73,27.457312,89.650652,27.45139172240,89.64724428340
5,Changgidaphu,119,Loselling MSS,3,27.457312,89.650652,27.45993538960,89.63337611550
6,Changjalu,119,Loselling MSS,55,27.457312,89.650652,27.44697074620,89.65875248350
7,Changzamtog,119,Loselling MSS,67,27.457312,89.650652,27.46114897030,89.64185371500
8,Chanjiji,119,Loselling MSS,559,27.457312,89.650652,27.45550435780,89.65292201730
9,Core,119,Loselling MSS,9,27.457312,89.650652,27.47331364770,89.63825335810
10,Debsi,119,Loselling MSS,10,27.457312,89.650652,27.43156669690,89.64037529940
11,Dechencholing,119,Loselling MSS,2,27.457312,89.650652,27.53260528070,89.64253837270
15,Hejo,119,Loselling MSS,1,27.457312,89.650652,27.50077888000,89.63369325650
16,Hongtsho,119,Loselling MSS,2,27.457312,89.650652,27.485941,89.724004
19,Kawangjangsa,119,Loselling MSS,1,27.457312,89.650652,27.48557209120,89.63029523980
22,Langjophakha,119,Loselling MSS,4,27.457312,89.650652,27.49589747970,89.64132150520
23,Lubding,119,Loselling MSS,1,27.457312,89.650652,27.44974662830,89.66945403330
24,Motithang,119,Loselling MSS,1,27.457312,89.650652,27.47665064250,89.61971670550
25,Namseyling,119,Loselling MSS,3,27.457312,89.650652,27.404257,89.6064
26,Olakha,119,Loselling MSS,126,27.457312,89.650652,27.44697074620,89.65875248350
29,RTC,119,Loselling MSS,2,27.457312,89.650652,27.40349847780,89.65665704520
30,Samtenling,119,Loselling MSS,3,27.457312,89.650652,27.50077888000,89.63369325650
31,Serbithang,119,Loselling MSS,2,27.457312,89.650652,27.42029515230,89.65591160680
32,Simtokha,119,Loselling MSS,36,27.457312,89.650652,27.43440839780,89.66787390510
33,Taba,119,Loselling MSS,2,27.457312,89.650652,27.51290625190,89.64517770640
34,Tshalubar,119,Loselling MSS,1,27.457312,89.650652,27.43770376770,89.65558664010
35,Tshalumarphey,119,Loselling MSS,2,27.457312,89.650652,27.43770376770,89.65558664010
36,Yangchenphug,119,Loselling MSS,9,27.457312,89.650652,27.46739700000,89.64673737680
37,Yoselpang,119,Loselling MSS,2,27.457312,89.650652,27.462597,89.705355
38,Zilukha,119,Loselling MSS,1,27.457312,89.650652,27.48557209120,89.63029523980
1,Babesa,120,Lungtenphu MSS,33,27.457636,89.665718,27.42918166770,89.64720960230
4,Changangkha,120,Lungtenphu MSS,2,27.457636,89.665718,27.47245399040,89.63084646850
4,Changbangdu,120,Lungtenphu MSS,11,27.457636,89.665718,27.45139172240,89.64724428340
5,Changgidaphu,120,Lungtenphu MSS,2,27.457636,89.665718,27.45993538960,89.63337611550
6,Changjalu,120,Lungtenphu MSS,125,27.457636,89.665718,27.44697074620,89.65875248350
7,Changzamtog,120,Lungtenphu MSS,9,27.457636,89.665718,27.46114897030,89.64185371500
8,Chanjiji,120,Lungtenphu MSS,51,27.457636,89.665718,27.45550435780,89.65292201730
9,Core,120,Lungtenphu MSS,8,27.457636,89.665718,27.47331364770,89.63825335810
10,Debsi,120,Lungtenphu MSS,4,27.457636,89.665718,27.43156669690,89.64037529940
11,Dechencholing,120,Lungtenphu MSS,3,27.457636,89.665718,27.53260528070,89.64253837270
13,Gangchey,120,Lungtenphu MSS,2,27.457636,89.665718,27.41778503180,89.64188265870
16,Hongtsho,120,Lungtenphu MSS,1,27.457636,89.665718,27.485941,89.724004
17,Jungshina,120,Lungtenphu MSS,1,27.457636,89.665718,27.51070916330,89.63412912960
20,Khasadrapchu,120,Lungtenphu MSS,2,27.457636,89.665718,27.386985,89.584902
22,Langjophakha,120,Lungtenphu MSS,1,27.457636,89.665718,27.49589747970,89.64132150520
23,Lubding,120,Lungtenphu MSS,26,27.457636,89.665718,27.44974662830,89.66945403330
24,Motithang,120,Lungtenphu MSS,1,27.457636,89.665718,27.47665064250,89.61971670550
25,Namseyling,120,Lungtenphu MSS,4,27.457636,89.665718,27.404257,89.6064
26,Olakha,120,Lungtenphu MSS,91,27.457636,89.665718,27.44697074620,89.65875248350
29,RTC,120,Lungtenphu MSS,2,27.457636,89.665718,27.40349847780,89.65665704520
31,Serbithang,120,Lungtenphu MSS,4,27.457636,89.665718,27.42029515230,89.65591160680
32,Simtokha,120,Lungtenphu MSS,41,27.457636,89.665718,27.43440839780,89.66787390510
33,Taba,120,Lungtenphu MSS,4,27.457636,89.665718,27.51290625190,89.64517770640
35,Tshalumarphey,120,Lungtenphu MSS,1,27.457636,89.665718,27.43770376770,89.65558664010
36,Yangchenphug,120,Lungtenphu MSS,8,27.457636,89.665718,27.46739700000,89.64673737680
37,Yoselpang,120,Lungtenphu MSS,1,27.457636,89.665718,27.462597,89.705355
38,Zilukha,120,Lungtenphu MSS,2,27.457636,89.665718,27.48557209120,89.63029523980
1,Babesa,121,Lungtenzampa MSS,117,27.468516,89.64431,27.42918166770,89.64720960230
2,Begana,121,Lungtenzampa MSS,6,27.468516,89.64431,27.57189085960,89.63570021250
4,Changangkha,121,Lungtenzampa MSS,79,27.468516,89.64431,27.47245399040,89.63084646850
4,Changbangdu,121,Lungtenzampa MSS,73,27.468516,89.64431,27.45139172240,89.64724428340
5,Changgidaphu,121,Lungtenzampa MSS,49,27.468516,89.64431,27.45993538960,89.63337611550
6,Changjalu,121,Lungtenzampa MSS,55,27.468516,89.64431,27.44697074620,89.65875248350
7,Changzamtog,121,Lungtenzampa MSS,121,27.468516,89.64431,27.46114897030,89.64185371500
8,Chanjiji,121,Lungtenzampa MSS,86,27.468516,89.64431,27.45550435780,89.65292201730
9,Core,121,Lungtenzampa MSS,100,27.468516,89.64431,27.47331364770,89.63825335810
10,Debsi,121,Lungtenzampa MSS,22,27.468516,89.64431,27.43156669690,89.64037529940
11,Dechencholing,121,Lungtenzampa MSS,24,27.468516,89.64431,27.53260528070,89.64253837270
12,Dzong,121,Lungtenzampa MSS,3,27.468516,89.64431,27.48830025920,89.63554472700
13,Gangchey,121,Lungtenzampa MSS,3,27.468516,89.64431,27.41778503180,89.64188265870
15,Hejo,121,Lungtenzampa MSS,21,27.468516,89.64431,27.50077888000,89.63369325650
16,Hongtsho,121,Lungtenzampa MSS,2,27.468516,89.64431,27.485941,89.724004
17,Jungshina,121,Lungtenzampa MSS,47,27.468516,89.64431,27.51070916330,89.63412912960
18,Kabisa,121,Lungtenzampa MSS,15,27.468516,89.64431,27.54906988110,89.65429961040
19,Kawangjangsa,121,Lungtenzampa MSS,23,27.468516,89.64431,27.48557209120,89.63029523980
20,Khasadrapchu,121,Lungtenzampa MSS,1,27.468516,89.64431,27.386985,89.584902
21,Kungacholing,121,Lungtenzampa MSS,1,27.468516,89.64431,27.47665064250,89.61971670550
22,Langjophakha,121,Lungtenzampa MSS,55,27.468516,89.64431,27.49589747970,89.64132150520
23,Lubding,121,Lungtenzampa MSS,9,27.468516,89.64431,27.44974662830,89.66945403330
24,Motithang,121,Lungtenzampa MSS,48,27.468516,89.64431,27.47665064250,89.61971670550
25,Namseyling,121,Lungtenzampa MSS,9,27.468516,89.64431,27.404257,89.6064
26,Olakha,121,Lungtenzampa MSS,121,27.468516,89.64431,27.44697074620,89.65875248350
27,Pamtsho,121,Lungtenzampa MSS,35,27.468516,89.64431,27.51070916330,89.63412912960
28,Ramtokto,121,Lungtenzampa MSS,2,27.468516,89.64431,27.416321,89.622819
29,RTC,121,Lungtenzampa MSS,9,27.468516,89.64431,27.40349847780,89.65665704520
30,Samtenling,121,Lungtenzampa MSS,18,27.468516,89.64431,27.50077888000,89.63369325650
31,Serbithang,121,Lungtenzampa MSS,5,27.468516,89.64431,27.42029515230,89.65591160680
32,Simtokha,121,Lungtenzampa MSS,39,27.468516,89.64431,27.43440839780,89.66787390510
33,Taba,121,Lungtenzampa MSS,62,27.468516,89.64431,27.51290625190,89.64517770640
34,Tshalubar,121,Lungtenzampa MSS,4,27.468516,89.64431,27.43770376770,89.65558664010
35,Tshalumarphey,121,Lungtenzampa MSS,7,27.468516,89.64431,27.43770376770,89.65558664010
36,Yangchenphug,121,Lungtenzampa MSS,65,27.468516,89.64431,27.46739700000,89.64673737680
37,Yoselpang,121,Lungtenzampa MSS,7,27.468516,89.64431,27.462597,89.705355
38,Zilukha,121,Lungtenzampa MSS,10,27.468516,89.64431,27.48557209120,89.63029523980
1,Babesa,122,Motithang HSS,49,27.475108,89.62286,27.42918166770,89.64720960230
2,Begana,122,Motithang HSS,14,27.475108,89.62286,27.57189085960,89.63570021250
3,Bjemina,122,Motithang HSS,3,27.475108,89.62286,27.40296800000,89.57070400000
4,Changangkha,122,Motithang HSS,183,27.475108,89.62286,27.47245399040,89.63084646850
4,Changbangdu,122,Motithang HSS,34,27.475108,89.62286,27.45139172240,89.64724428340
5,Changgidaphu,122,Motithang HSS,59,27.475108,89.62286,27.45993538960,89.63337611550
6,Changjalu,122,Motithang HSS,28,27.475108,89.62286,27.44697074620,89.65875248350
7,Changzamtog,122,Motithang HSS,122,27.475108,89.62286,27.46114897030,89.64185371500
8,Chanjiji,122,Motithang HSS,53,27.475108,89.62286,27.45550435780,89.65292201730
9,Core,122,Motithang HSS,47,27.475108,89.62286,27.47331364770,89.63825335810
10,Debsi,122,Motithang HSS,8,27.475108,89.62286,27.43156669690,89.64037529940
11,Dechencholing,122,Motithang HSS,30,27.475108,89.62286,27.53260528070,89.64253837270
14,Gidakom,122,Motithang HSS,3,27.475108,89.62286,27.404767,89.569741
15,Hejo,122,Motithang HSS,41,27.475108,89.62286,27.50077888000,89.63369325650
16,Hongtsho,122,Motithang HSS,1,27.475108,89.62286,27.485941,89.724004
17,Jungshina,122,Motithang HSS,69,27.475108,89.62286,27.51070916330,89.63412912960
18,Kabisa,122,Motithang HSS,17,27.475108,89.62286,27.54906988110,89.65429961040
19,Kawangjangsa,122,Motithang HSS,47,27.475108,89.62286,27.48557209120,89.63029523980
20,Khasadrapchu,122,Motithang HSS,3,27.475108,89.62286,27.386985,89.584902
21,Kungacholing,122,Motithang HSS,41,27.475108,89.62286,27.47665064250,89.61971670550
22,Langjophakha,122,Motithang HSS,31,27.475108,89.62286,27.49589747970,89.64132150520
23,Lubding,122,Motithang HSS,6,27.475108,89.62286,27.44974662830,89.66945403330
24,Motithang,122,Motithang HSS,379,27.475108,89.62286,27.47665064250,89.61971670550
25,Namseyling,122,Motithang HSS,2,27.475108,89.62286,27.404257,89.6064
26,Olakha,122,Motithang HSS,23,27.475108,89.62286,27.44697074620,89.65875248350
27,Pamtsho,122,Motithang HSS,33,27.475108,89.62286,27.51070916330,89.63412912960
28,Ramtokto,122,Motithang HSS,1,27.475108,89.62286,27.416321,89.622819
29,RTC,122,Motithang HSS,1,27.475108,89.62286,27.40349847780,89.65665704520
30,Samtenling,122,Motithang HSS,31,27.475108,89.62286,27.50077888000,89.63369325650
31,Serbithang,122,Motithang HSS,5,27.475108,89.62286,27.42029515230,89.65591160680
32,Simtokha,122,Motithang HSS,20,27.475108,89.62286,27.43440839780,89.66787390510
33,Taba,122,Motithang HSS,47,27.475108,89.62286,27.51290625190,89.64517770640
34,Tshalubar,122,Motithang HSS,1,27.475108,89.62286,27.43770376770,89.65558664010
36,Yangchenphug,122,Motithang HSS,8,27.475108,89.62286,27.46739700000,89.64673737680
37,Yoselpang,122,Motithang HSS,2,27.475108,89.62286,27.462597,89.705355
38,Zilukha,122,Motithang HSS,26,27.475108,89.62286,27.48557209120,89.63029523980
1,Babesa,123,Nima HSS,15,27.515495,89.641728,27.42918166770,89.64720960230
2,Begana,123,Nima HSS,4,27.515495,89.641728,27.57189085960,89.63570021250
3,Bjemina,123,Nima HSS,1,27.515495,89.641728,27.40296800000,89.57070400000
4,Changangkha,123,Nima HSS,8,27.515495,89.641728,27.47245399040,89.63084646850
4,Changbangdu,123,Nima HSS,5,27.515495,89.641728,27.45139172240,89.64724428340
5,Changgidaphu,123,Nima HSS,4,27.515495,89.641728,27.45993538960,89.63337611550
6,Changjalu,123,Nima HSS,7,27.515495,89.641728,27.44697074620,89.65875248350
7,Changzamtog,123,Nima HSS,29,27.515495,89.641728,27.46114897030,89.64185371500
8,Chanjiji,123,Nima HSS,8,27.515495,89.641728,27.45550435780,89.65292201730
9,Core,123,Nima HSS,4,27.515495,89.641728,27.47331364770,89.63825335810
10,Debsi,123,Nima HSS,4,27.515495,89.641728,27.43156669690,89.64037529940
11,Dechencholing,123,Nima HSS,73,27.515495,89.641728,27.53260528070,89.64253837270
15,Hejo,123,Nima HSS,5,27.515495,89.641728,27.50077888000,89.63369325650
17,Jungshina,123,Nima HSS,17,27.515495,89.641728,27.51070916330,89.63412912960
18,Kabisa,123,Nima HSS,17,27.515495,89.641728,27.54906988110,89.65429961040
19,Kawangjangsa,123,Nima HSS,2,27.515495,89.641728,27.48557209120,89.63029523980
20,Khasadrapchu,123,Nima HSS,3,27.515495,89.641728,27.386985,89.584902
21,Kungacholing,123,Nima HSS,1,27.515495,89.641728,27.47665064250,89.61971670550
22,Langjophakha,123,Nima HSS,10,27.515495,89.641728,27.49589747970,89.64132150520
23,Lubding,123,Nima HSS,1,27.515495,89.641728,27.44974662830,89.66945403330
24,Motithang,123,Nima HSS,7,27.515495,89.641728,27.47665064250,89.61971670550
26,Olakha,123,Nima HSS,12,27.515495,89.641728,27.44697074620,89.65875248350
27,Pamtsho,123,Nima HSS,11,27.515495,89.641728,27.51070916330,89.63412912960
30,Samtenling,123,Nima HSS,9,27.515495,89.641728,27.50077888000,89.63369325650
32,Simtokha,123,Nima HSS,3,27.515495,89.641728,27.43440839780,89.66787390510
33,Taba,123,Nima HSS,86,27.515495,89.641728,27.51290625190,89.64517770640
36,Yangchenphug,123,Nima HSS,2,27.515495,89.641728,27.46739700000,89.64673737680
38,Zilukha,123,Nima HSS,5,27.515495,89.641728,27.48557209120,89.63029523980
1,Babesa,124,Pelkhil HSS,64,27.446639,89.658061,27.42918166770,89.64720960230
3,Bjemina,124,Pelkhil HSS,7,27.446639,89.658061,27.40296800000,89.57070400000
4,Changangkha,124,Pelkhil HSS,6,27.446639,89.658061,27.47245399040,89.63084646850
4,Changbangdu,124,Pelkhil HSS,18,27.446639,89.658061,27.45139172240,89.64724428340
5,Changgidaphu,124,Pelkhil HSS,2,27.446639,89.658061,27.45993538960,89.63337611550
6,Changjalu,124,Pelkhil HSS,49,27.446639,89.658061,27.44697074620,89.65875248350
7,Changzamtog,124,Pelkhil HSS,27,27.446639,89.658061,27.46114897030,89.64185371500
8,Chanjiji,124,Pelkhil HSS,36,27.446639,89.658061,27.45550435780,89.65292201730
9,Core,124,Pelkhil HSS,5,27.446639,89.658061,27.47331364770,89.63825335810
10,Debsi,124,Pelkhil HSS,6,27.446639,89.658061,27.43156669690,89.64037529940
11,Dechencholing,124,Pelkhil HSS,7,27.446639,89.658061,27.53260528070,89.64253837270
14,Gidakom,124,Pelkhil HSS,4,27.446639,89.658061,27.404767,89.569741
15,Hejo,124,Pelkhil HSS,1,27.446639,89.658061,27.50077888000,89.63369325650
16,Hongtsho,124,Pelkhil HSS,1,27.446639,89.658061,27.485941,89.724004
17,Jungshina,124,Pelkhil HSS,6,27.446639,89.658061,27.51070916330,89.63412912960
19,Kawangjangsa,124,Pelkhil HSS,4,27.446639,89.658061,27.48557209120,89.63029523980
20,Khasadrapchu,124,Pelkhil HSS,8,27.446639,89.658061,27.386985,89.584902
22,Langjophakha,124,Pelkhil HSS,4,27.446639,89.658061,27.49589747970,89.64132150520
23,Lubding,124,Pelkhil HSS,1,27.446639,89.658061,27.44974662830,89.66945403330
24,Motithang,124,Pelkhil HSS,14,27.446639,89.658061,27.47665064250,89.61971670550
25,Namseyling,124,Pelkhil HSS,8,27.446639,89.658061,27.404257,89.6064
26,Olakha,124,Pelkhil HSS,121,27.446639,89.658061,27.44697074620,89.65875248350
28,Ramtokto,124,Pelkhil HSS,1,27.446639,89.658061,27.416321,89.622819
29,RTC,124,Pelkhil HSS,1,27.446639,89.658061,27.40349847780,89.65665704520
30,Samtenling,124,Pelkhil HSS,3,27.446639,89.658061,27.50077888000,89.63369325650
31,Serbithang,124,Pelkhil HSS,2,27.446639,89.658061,27.42029515230,89.65591160680
32,Simtokha,124,Pelkhil HSS,26,27.446639,89.658061,27.43440839780,89.66787390510
33,Taba,124,Pelkhil HSS,6,27.446639,89.658061,27.51290625190,89.64517770640
34,Tshalubar,124,Pelkhil HSS,3,27.446639,89.658061,27.43770376770,89.65558664010
35,Tshalumarphey,124,Pelkhil HSS,5,27.446639,89.658061,27.43770376770,89.65558664010
36,Yangchenphug,124,Pelkhil HSS,3,27.446639,89.658061,27.46739700000,89.64673737680
37,Yoselpang,124,Pelkhil HSS,2,27.446639,89.658061,27.462597,89.705355
1,Babesa,125,Phuensum PS,9,27.460509,89.639935,27.42918166770,89.64720960230
4,Changangkha,125,Phuensum PS,2,27.460509,89.639935,27.47245399040,89.63084646850
4,Changbangdu,125,Phuensum PS,2,27.460509,89.639935,27.45139172240,89.64724428340
5,Changgidaphu,125,Phuensum PS,30,27.460509,89.639935,27.45993538960,89.63337611550
6,Changjalu,125,Phuensum PS,6,27.460509,89.639935,27.44697074620,89.65875248350
7,Changzamtog,125,Phuensum PS,48,27.460509,89.639935,27.46114897030,89.64185371500
8,Chanjiji,125,Phuensum PS,7,27.460509,89.639935,27.45550435780,89.65292201730
9,Core,125,Phuensum PS,3,27.460509,89.639935,27.47331364770,89.63825335810
10,Debsi,125,Phuensum PS,1,27.460509,89.639935,27.43156669690,89.64037529940
18,Kabisa,125,Phuensum PS,1,27.460509,89.639935,27.54906988110,89.65429961040
19,Kawangjangsa,125,Phuensum PS,1,27.460509,89.639935,27.48557209120,89.63029523980
22,Langjophakha,125,Phuensum PS,1,27.460509,89.639935,27.49589747970,89.64132150520
24,Motithang,125,Phuensum PS,2,27.460509,89.639935,27.47665064250,89.61971670550
26,Olakha,125,Phuensum PS,3,27.460509,89.639935,27.44697074620,89.65875248350
30,Samtenling,125,Phuensum PS,1,27.460509,89.639935,27.50077888000,89.63369325650
33,Taba,125,Phuensum PS,2,27.460509,89.639935,27.51290625190,89.64517770640
35,Tshalumarphey,125,Phuensum PS,1,27.460509,89.639935,27.43770376770,89.65558664010
1,Babesa,126,Rinchen HSS,33,27.457872,89.634718,27.42918166770,89.64720960230
3,Bjemina,126,Rinchen HSS,1,27.457872,89.634718,27.40296800000,89.57070400000
4,Changangkha,126,Rinchen HSS,17,27.457872,89.634718,27.47245399040,89.63084646850
4,Changbangdu,126,Rinchen HSS,8,27.457872,89.634718,27.45139172240,89.64724428340
5,Changgidaphu,126,Rinchen HSS,37,27.457872,89.634718,27.45993538960,89.63337611550
6,Changjalu,126,Rinchen HSS,7,27.457872,89.634718,27.44697074620,89.65875248350
7,Changzamtog,126,Rinchen HSS,58,27.457872,89.634718,27.46114897030,89.64185371500
8,Chanjiji,126,Rinchen HSS,17,27.457872,89.634718,27.45550435780,89.65292201730
9,Core,126,Rinchen HSS,6,27.457872,89.634718,27.47331364770,89.63825335810
10,Debsi,126,Rinchen HSS,1,27.457872,89.634718,27.43156669690,89.64037529940
11,Dechencholing,126,Rinchen HSS,11,27.457872,89.634718,27.53260528070,89.64253837270
14,Gidakom,126,Rinchen HSS,1,27.457872,89.634718,27.404767,89.569741
15,Hejo,126,Rinchen HSS,7,27.457872,89.634718,27.50077888000,89.63369325650
17,Jungshina,126,Rinchen HSS,5,27.457872,89.634718,27.51070916330,89.63412912960
18,Kabisa,126,Rinchen HSS,1,27.457872,89.634718,27.54906988110,89.65429961040
19,Kawangjangsa,126,Rinchen HSS,3,27.457872,89.634718,27.48557209120,89.63029523980
21,Kungacholing,126,Rinchen HSS,2,27.457872,89.634718,27.47665064250,89.61971670550
22,Langjophakha,126,Rinchen HSS,2,27.457872,89.634718,27.49589747970,89.64132150520
24,Motithang,126,Rinchen HSS,24,27.457872,89.634718,27.47665064250,89.61971670550
25,Namseyling,126,Rinchen HSS,1,27.457872,89.634718,27.404257,89.6064
26,Olakha,126,Rinchen HSS,20,27.457872,89.634718,27.44697074620,89.65875248350
27,Pamtsho,126,Rinchen HSS,6,27.457872,89.634718,27.51070916330,89.63412912960
30,Samtenling,126,Rinchen HSS,5,27.457872,89.634718,27.50077888000,89.63369325650
32,Simtokha,126,Rinchen HSS,4,27.457872,89.634718,27.43440839780,89.66787390510
33,Taba,126,Rinchen HSS,6,27.457872,89.634718,27.51290625190,89.64517770640
36,Yangchenphug,126,Rinchen HSS,1,27.457872,89.634718,27.46739700000,89.64673737680
38,Zilukha,126,Rinchen HSS,3,27.457872,89.634718,27.48557209120,89.63029523980
1,Babesa,127,Rinchen Kuenphen PS,44,27.475194,89.630542,27.42918166770,89.64720960230
2,Begana,127,Rinchen Kuenphen PS,2,27.475194,89.630542,27.57189085960,89.63570021250
4,Changangkha,127,Rinchen Kuenphen PS,330,27.475194,89.630542,27.47245399040,89.63084646850
4,Changbangdu,127,Rinchen Kuenphen PS,12,27.475194,89.630542,27.45139172240,89.64724428340
5,Changgidaphu,127,Rinchen Kuenphen PS,46,27.475194,89.630542,27.45993538960,89.63337611550
6,Changjalu,127,Rinchen Kuenphen PS,28,27.475194,89.630542,27.44697074620,89.65875248350
7,Changzamtog,127,Rinchen Kuenphen PS,83,27.475194,89.630542,27.46114897030,89.64185371500
8,Chanjiji,127,Rinchen Kuenphen PS,50,27.475194,89.630542,27.45550435780,89.65292201730
9,Core,127,Rinchen Kuenphen PS,84,27.475194,89.630542,27.47331364770,89.63825335810
10,Debsi,127,Rinchen Kuenphen PS,7,27.475194,89.630542,27.43156669690,89.64037529940
11,Dechencholing,127,Rinchen Kuenphen PS,12,27.475194,89.630542,27.53260528070,89.64253837270
12,Dzong,127,Rinchen Kuenphen PS,1,27.475194,89.630542,27.48830025920,89.63554472700
14,Gidakom,127,Rinchen Kuenphen PS,1,27.475194,89.630542,27.404767,89.569741
15,Hejo,127,Rinchen Kuenphen PS,29,27.475194,89.630542,27.50077888000,89.63369325650
17,Jungshina,127,Rinchen Kuenphen PS,53,27.475194,89.630542,27.51070916330,89.63412912960
18,Kabisa,127,Rinchen Kuenphen PS,13,27.475194,89.630542,27.54906988110,89.65429961040
19,Kawangjangsa,127,Rinchen Kuenphen PS,40,27.475194,89.630542,27.48557209120,89.63029523980
22,Langjophakha,127,Rinchen Kuenphen PS,31,27.475194,89.630542,27.49589747970,89.64132150520
23,Lubding,127,Rinchen Kuenphen PS,1,27.475194,89.630542,27.44974662830,89.66945403330
24,Motithang,127,Rinchen Kuenphen PS,118,27.475194,89.630542,27.47665064250,89.61971670550
26,Olakha,127,Rinchen Kuenphen PS,35,27.475194,89.630542,27.44697074620,89.65875248350
27,Pamtsho,127,Rinchen Kuenphen PS,23,27.475194,89.630542,27.51070916330,89.63412912960
28,Ramtokto,127,Rinchen Kuenphen PS,1,27.475194,89.630542,27.416321,89.622819
29,RTC,127,Rinchen Kuenphen PS,2,27.475194,89.630542,27.40349847780,89.65665704520
30,Samtenling,127,Rinchen Kuenphen PS,18,27.475194,89.630542,27.50077888000,89.63369325650
31,Serbithang,127,Rinchen Kuenphen PS,4,27.475194,89.630542,27.42029515230,89.65591160680
32,Simtokha,127,Rinchen Kuenphen PS,28,27.475194,89.630542,27.43440839780,89.66787390510
33,Taba,127,Rinchen Kuenphen PS,34,27.475194,89.630542,27.51290625190,89.64517770640
35,Tshalumarphey,127,Rinchen Kuenphen PS,8,27.475194,89.630542,27.43770376770,89.65558664010
36,Yangchenphug,127,Rinchen Kuenphen PS,26,27.475194,89.630542,27.46739700000,89.64673737680
37,Yoselpang,127,Rinchen Kuenphen PS,1,27.475194,89.630542,27.462597,89.705355
38,Zilukha,127,Rinchen Kuenphen PS,4,27.475194,89.630542,27.48557209120,89.63029523980
1,Babesa,128,Sersang PS,3,27.475204,89.620175,27.42918166770,89.64720960230
4,Changangkha,128,Sersang PS,5,27.475204,89.620175,27.47245399040,89.63084646850
4,Changbangdu,128,Sersang PS,1,27.475204,89.620175,27.45139172240,89.64724428340
5,Changgidaphu,128,Sersang PS,1,27.475204,89.620175,27.45993538960,89.63337611550
7,Changzamtog,128,Sersang PS,5,27.475204,89.620175,27.46114897030,89.64185371500
9,Core,128,Sersang PS,4,27.475204,89.620175,27.47331364770,89.63825335810
10,Debsi,128,Sersang PS,1,27.475204,89.620175,27.43156669690,89.64037529940
20,Khasadrapchu,128,Sersang PS,1,27.475204,89.620175,27.386985,89.584902
21,Kungacholing,128,Sersang PS,1,27.475204,89.620175,27.47665064250,89.61971670550
22,Langjophakha,128,Sersang PS,5,27.475204,89.620175,27.49589747970,89.64132150520
24,Motithang,128,Sersang PS,28,27.475204,89.620175,27.47665064250,89.61971670550
26,Olakha,128,Sersang PS,3,27.475204,89.620175,27.44697074620,89.65875248350
27,Pamtsho,128,Sersang PS,2,27.475204,89.620175,27.51070916330,89.63412912960
31,Serbithang,128,Sersang PS,1,27.475204,89.620175,27.42029515230,89.65591160680
32,Simtokha,128,Sersang PS,9,27.475204,89.620175,27.43440839780,89.66787390510
33,Taba,128,Sersang PS,8,27.475204,89.620175,27.51290625190,89.64517770640
35,Tshalumarphey,128,Sersang PS,2,27.475204,89.620175,27.43770376770,89.65558664010
38,Zilukha,128,Sersang PS,2,27.475204,89.620175,27.48557209120,89.63029523980
1,Babesa,129,Sunshine PS,6,27.476602,89.627194,27.42918166770,89.64720960230
4,Changangkha,129,Sunshine PS,24,27.476602,89.627194,27.47245399040,89.63084646850
4,Changbangdu,129,Sunshine PS,1,27.476602,89.627194,27.45139172240,89.64724428340
6,Changjalu,129,Sunshine PS,1,27.476602,89.627194,27.44697074620,89.65875248350
8,Chanjiji,129,Sunshine PS,1,27.476602,89.627194,27.45550435780,89.65292201730
9,Core,129,Sunshine PS,1,27.476602,89.627194,27.47331364770,89.63825335810
11,Dechencholing,129,Sunshine PS,1,27.476602,89.627194,27.53260528070,89.64253837270
17,Jungshina,129,Sunshine PS,1,27.476602,89.627194,27.51070916330,89.63412912960
22,Langjophakha,129,Sunshine PS,3,27.476602,89.627194,27.49589747970,89.64132150520
23,Lubding,129,Sunshine PS,1,27.476602,89.627194,27.44974662830,89.66945403330
24,Motithang,129,Sunshine PS,46,27.476602,89.627194,27.47665064250,89.61971670550
26,Olakha,129,Sunshine PS,1,27.476602,89.627194,27.44697074620,89.65875248350
27,Pamtsho,129,Sunshine PS,2,27.476602,89.627194,27.51070916330,89.63412912960
30,Samtenling,129,Sunshine PS,2,27.476602,89.627194,27.50077888000,89.63369325650
32,Simtokha,129,Sunshine PS,2,27.476602,89.627194,27.43440839780,89.66787390510
33,Taba,129,Sunshine PS,3,27.476602,89.627194,27.51290625190,89.64517770640
36,Yangchenphug,129,Sunshine PS,1,27.476602,89.627194,27.46739700000,89.64673737680
7,Changzamtog,130,Taba LSS,1,27.512519,89.648353,27.46114897030,89.64185371500
10,Debsi,130,Taba LSS,1,27.512519,89.648353,27.43156669690,89.64037529940
11,Dechencholing,130,Taba LSS,56,27.512519,89.648353,27.53260528070,89.64253837270
18,Kabisa,130,Taba LSS,2,27.512519,89.648353,27.54906988110,89.65429961040
19,Kawangjangsa,130,Taba LSS,1,27.512519,89.648353,27.48557209120,89.63029523980
22,Langjophakha,130,Taba LSS,1,27.512519,89.648353,27.49589747970,89.64132150520
24,Motithang,130,Taba LSS,1,27.512519,89.648353,27.47665064250,89.61971670550
27,Pamtsho,130,Taba LSS,3,27.512519,89.648353,27.51070916330,89.63412912960
33,Taba,130,Taba LSS,267,27.512519,89.648353,27.51290625190,89.64517770640
2,Begana,131,Thimphu PS,1,27.463673,89.643385,27.57189085960,89.63570021250
4,Changangkha,131,Thimphu PS,1,27.463673,89.643385,27.47245399040,89.63084646850
7,Changzamtog,131,Thimphu PS,4,27.463673,89.643385,27.46114897030,89.64185371500
9,Core,131,Thimphu PS,1,27.463673,89.643385,27.47331364770,89.63825335810
11,Dechencholing,131,Thimphu PS,1,27.463673,89.643385,27.53260528070,89.64253837270
22,Langjophakha,131,Thimphu PS,1,27.463673,89.643385,27.49589747970,89.64132150520
29,RTC,131,Thimphu PS,1,27.463673,89.643385,27.40349847780,89.65665704520
38,Zilukha,131,Thimphu PS,2,27.463673,89.643385,27.48557209120,89.63029523980
1,Babesa,132,Yangchenphu HSS,85,27.466553,89.646839,27.42918166770,89.64720960230
2,Begana,132,Yangchenphu HSS,1,27.466553,89.646839,27.57189085960,89.63570021250
3,Bjemina,132,Yangchenphu HSS,1,27.466553,89.646839,27.40296800000,89.57070400000
4,Changangkha,132,Yangchenphu HSS,25,27.466553,89.646839,27.47245399040,89.63084646850
4,Changbangdu,132,Yangchenphu HSS,44,27.466553,89.646839,27.45139172240,89.64724428340
5,Changgidaphu,132,Yangchenphu HSS,34,27.466553,89.646839,27.45993538960,89.63337611550
6,Changjalu,132,Yangchenphu HSS,44,27.466553,89.646839,27.44697074620,89.65875248350
7,Changzamtog,132,Yangchenphu HSS,181,27.466553,89.646839,27.46114897030,89.64185371500
8,Chanjiji,132,Yangchenphu HSS,133,27.466553,89.646839,27.45550435780,89.65292201730
9,Core,132,Yangchenphu HSS,46,27.466553,89.646839,27.47331364770,89.63825335810
10,Debsi,132,Yangchenphu HSS,7,27.466553,89.646839,27.43156669690,89.64037529940
11,Dechencholing,132,Yangchenphu HSS,27,27.466553,89.646839,27.53260528070,89.64253837270
13,Gangchey,132,Yangchenphu HSS,1,27.466553,89.646839,27.41778503180,89.64188265870
14,Gidakom,132,Yangchenphu HSS,8,27.466553,89.646839,27.404767,89.569741
15,Hejo,132,Yangchenphu HSS,10,27.466553,89.646839,27.50077888000,89.63369325650
17,Jungshina,132,Yangchenphu HSS,14,27.466553,89.646839,27.51070916330,89.63412912960
18,Kabisa,132,Yangchenphu HSS,8,27.466553,89.646839,27.54906988110,89.65429961040
19,Kawangjangsa,132,Yangchenphu HSS,9,27.466553,89.646839,27.48557209120,89.63029523980
20,Khasadrapchu,132,Yangchenphu HSS,10,27.466553,89.646839,27.386985,89.584902
22,Langjophakha,132,Yangchenphu HSS,29,27.466553,89.646839,27.49589747970,89.64132150520
23,Lubding,132,Yangchenphu HSS,6,27.466553,89.646839,27.44974662830,89.66945403330
24,Motithang,132,Yangchenphu HSS,14,27.466553,89.646839,27.47665064250,89.61971670550
25,Namseyling,132,Yangchenphu HSS,6,27.466553,89.646839,27.404257,89.6064
26,Olakha,132,Yangchenphu HSS,91,27.466553,89.646839,27.44697074620,89.65875248350
27,Pamtsho,132,Yangchenphu HSS,2,27.466553,89.646839,27.51070916330,89.63412912960
28,Ramtokto,132,Yangchenphu HSS,6,27.466553,89.646839,27.416321,89.622819
29,RTC,132,Yangchenphu HSS,7,27.466553,89.646839,27.40349847780,89.65665704520
30,Samtenling,132,Yangchenphu HSS,14,27.466553,89.646839,27.50077888000,89.63369325650
31,Serbithang,132,Yangchenphu HSS,7,27.466553,89.646839,27.42029515230,89.65591160680
32,Simtokha,132,Yangchenphu HSS,29,27.466553,89.646839,27.43440839780,89.66787390510
33,Taba,132,Yangchenphu HSS,20,27.466553,89.646839,27.51290625190,89.64517770640
35,Tshalumarphey,132,Yangchenphu HSS,7,27.466553,89.646839,27.43770376770,89.65558664010
36,Yangchenphug,132,Yangchenphu HSS,42,27.466553,89.646839,27.46739700000,89.64673737680
37,Yoselpang,132,Yangchenphu HSS,4,27.466553,89.646839,27.462597,89.705355
38,Zilukha,132,Yangchenphu HSS,9,27.466553,89.646839,27.48557209120,89.63029523980
1,Babesa,133,Zilnoen Namgyelling LSS,25,27.462297,89.641859,27.42918166770,89.64720960230
2,Begana,133,Zilnoen Namgyelling LSS,1,27.462297,89.641859,27.57189085960,89.63570021250
3,Bjemina,133,Zilnoen Namgyelling LSS,2,27.462297,89.641859,27.40296800000,89.57070400000
4,Changangkha,133,Zilnoen Namgyelling LSS,12,27.462297,89.641859,27.47245399040,89.63084646850
4,Changbangdu,133,Zilnoen Namgyelling LSS,12,27.462297,89.641859,27.45139172240,89.64724428340
5,Changgidaphu,133,Zilnoen Namgyelling LSS,90,27.462297,89.641859,27.45993538960,89.63337611550
6,Changjalu,133,Zilnoen Namgyelling LSS,11,27.462297,89.641859,27.44697074620,89.65875248350
7,Changzamtog,133,Zilnoen Namgyelling LSS,446,27.462297,89.641859,27.46114897030,89.64185371500
8,Chanjiji,133,Zilnoen Namgyelling LSS,20,27.462297,89.641859,27.45550435780,89.65292201730
9,Core,133,Zilnoen Namgyelling LSS,67,27.462297,89.641859,27.47331364770,89.63825335810
11,Dechencholing,133,Zilnoen Namgyelling LSS,4,27.462297,89.641859,27.53260528070,89.64253837270
12,Dzong,133,Zilnoen Namgyelling LSS,1,27.462297,89.641859,27.48830025920,89.63554472700
15,Hejo,133,Zilnoen Namgyelling LSS,2,27.462297,89.641859,27.50077888000,89.63369325650
17,Jungshina,133,Zilnoen Namgyelling LSS,8,27.462297,89.641859,27.51070916330,89.63412912960
18,Kabisa,133,Zilnoen Namgyelling LSS,1,27.462297,89.641859,27.54906988110,89.65429961040
19,Kawangjangsa,133,Zilnoen Namgyelling LSS,1,27.462297,89.641859,27.48557209120,89.63029523980
22,Langjophakha,133,Zilnoen Namgyelling LSS,11,27.462297,89.641859,27.49589747970,89.64132150520
24,Motithang,133,Zilnoen Namgyelling LSS,4,27.462297,89.641859,27.47665064250,89.61971670550
25,Namseyling,133,Zilnoen Namgyelling LSS,1,27.462297,89.641859,27.404257,89.6064
26,Olakha,133,Zilnoen Namgyelling LSS,13,27.462297,89.641859,27.44697074620,89.65875248350
27,Pamtsho,133,Zilnoen Namgyelling LSS,4,27.462297,89.641859,27.51070916330,89.63412912960
28,Ramtokto,133,Zilnoen Namgyelling LSS,1,27.462297,89.641859,27.416321,89.622819
29,RTC,133,Zilnoen Namgyelling LSS,2,27.462297,89.641859,27.40349847780,89.65665704520
30,Samtenling,133,Zilnoen Namgyelling LSS,32,27.462297,89.641859,27.50077888000,89.63369325650
32,Simtokha,133,Zilnoen Namgyelling LSS,15,27.462297,89.641859,27.43440839780,89.66787390510
33,Taba,133,Zilnoen Namgyelling LSS,3,27.462297,89.641859,27.51290625190,89.64517770640
35,Tshalumarphey,133,Zilnoen Namgyelling LSS,1,27.462297,89.641859,27.43770376770,89.65558664010
36,Yangchenphug,133,Zilnoen Namgyelling LSS,19,27.462297,89.641859,27.46739700000,89.64673737680
38,Zilukha,133,Zilnoen Namgyelling LSS,4,27.462297,89.641859,27.48557209120,89.63029523980
1,Babesa,134,Zilukha MSS,17,27.48831,89.63018,27.42918166770,89.64720960230
2,Begana,134,Zilukha MSS,19,27.48831,89.63018,27.57189085960,89.63570021250
4,Changangkha,134,Zilukha MSS,22,27.48831,89.63018,27.47245399040,89.63084646850
4,Changbangdu,134,Zilukha MSS,3,27.48831,89.63018,27.45139172240,89.64724428340
5,Changgidaphu,134,Zilukha MSS,3,27.48831,89.63018,27.45993538960,89.63337611550
6,Changjalu,134,Zilukha MSS,8,27.48831,89.63018,27.44697074620,89.65875248350
7,Changzamtog,134,Zilukha MSS,7,27.48831,89.63018,27.46114897030,89.64185371500
8,Chanjiji,134,Zilukha MSS,14,27.48831,89.63018,27.45550435780,89.65292201730
9,Core,134,Zilukha MSS,21,27.48831,89.63018,27.47331364770,89.63825335810
11,Dechencholing,134,Zilukha MSS,22,27.48831,89.63018,27.53260528070,89.64253837270
12,Dzong,134,Zilukha MSS,3,27.48831,89.63018,27.48830025920,89.63554472700
15,Hejo,134,Zilukha MSS,224,27.48831,89.63018,27.50077888000,89.63369325650
17,Jungshina,134,Zilukha MSS,193,27.48831,89.63018,27.51070916330,89.63412912960
18,Kabisa,134,Zilukha MSS,4,27.48831,89.63018,27.54906988110,89.65429961040
19,Kawangjangsa,134,Zilukha MSS,27,27.48831,89.63018,27.48557209120,89.63029523980
20,Khasadrapchu,134,Zilukha MSS,2,27.48831,89.63018,27.386985,89.584902
22,Langjophakha,134,Zilukha MSS,107,27.48831,89.63018,27.49589747970,89.64132150520
24,Motithang,134,Zilukha MSS,34,27.48831,89.63018,27.47665064250,89.61971670550
26,Olakha,134,Zilukha MSS,10,27.48831,89.63018,27.44697074620,89.65875248350
27,Pamtsho,134,Zilukha MSS,89,27.48831,89.63018,27.51070916330,89.63412912960
28,Ramtokto,134,Zilukha MSS,3,27.48831,89.63018,27.416321,89.622819
30,Samtenling,134,Zilukha MSS,113,27.48831,89.63018,27.50077888000,89.63369325650
31,Serbithang,134,Zilukha MSS,2,27.48831,89.63018,27.42029515230,89.65591160680
32,Simtokha,134,Zilukha MSS,8,27.48831,89.63018,27.43440839780,89.66787390510
33,Taba,134,Zilukha MSS,24,27.48831,89.63018,27.51290625190,89.64517770640
35,Tshalumarphey,134,Zilukha MSS,1,27.48831,89.63018,27.43770376770,89.65558664010
36,Yangchenphug,134,Zilukha MSS,8,27.48831,89.63018,27.46739700000,89.64673737680
38,Zilukha,134,Zilukha MSS,306,27.48831,89.63018,27.48557209120,89.63029523980
